id;title;description;url;hashtags
1;generating Keyboard;Kids;http://winona.net;quantify Avon
2;e-services Home Loan Account;Crossing Fish;http://dax.org;Implementation
3;web-readiness Sleek Wooden Computer;Metal portals;https://jaylin.biz;interface Lights
4;Personal Loan Account;redefine process improvement Handmade;https://jasmin.name;grow
5;Cambridgeshire card neural;Pitcairn Islands;http://paula.biz;e-markets
6;Executive grid-enabled;Accountability bypassing;https://kaleb.com;synergies cross-platform
7;target maroon;SMS Fresh;http://citlalli.com;Practical high-level Operations
8;metrics;e-commerce;https://claudie.name;cyan Managed deploy
9;infrastructure Consultant Dynamic;Licensed;http://wayne.net;Awesome
10;Tanzanian Shilling world-class;Implementation Solutions Awesome;https://ted.name;Metal
